Label,Precision,Recall,F1-Score
A1,0.39436619718309857,0.8,0.5283018867924528
A2,0.3333333333333333,0.2413793103448276,0.28
A3,0.4722222222222222,0.918918918918919,0.6238532110091743
B1,0.3409090909090909,0.5172413793103449,0.410958904109589
B2,0.46153846153846156,0.6206896551724138,0.5294117647058824
B3,0.5686274509803921,0.90625,0.6987951807228916
B4,0.5,0.9473684210526315,0.6545454545454545
