Label,Precision,Recall,F1-Score
A1,1.0,0.0,0.0
A2,1.0,0.0,0.0
A3,1.0,0.0,0.0
B1,1.0,0.0,0.0
B2,1.0,0.0,0.0
B3,1.0,0.0,0.0
B4,1.0,0.10526315789473684,0.19047619047619047
